{
	"info": {
		"_postman_id": "bfebe58d-9041-4620-8bca-682b227ba6bb",
		"name": "Retfull SDETAssignment",
		"schema": "https://schema.getpostman.com/json/collection/v2.1.0/collection.json",
		"_exporter_id": "19104238"
	},
	"item": [
		{
			"name": "Get Positive test",
			"request": {
				"method": "GET",
				"header": [],
				"url": {
					"raw": "https://api.restful-api.dev/objects/5",
					"protocol": "https",
					"host": [
						"api",
						"restful-api",
						"dev"
					],
					"path": [
						"objects",
						"5"
					]
				}
			},
			"response": []
		},
		{
			"name": "Get Negative test",
			"request": {
				"method": "GET",
				"header": [],
				"url": {
					"raw": "https://api.restful-api.dev/objects/50988y",
					"protocol": "https",
					"host": [
						"api",
						"restful-api",
						"dev"
					],
					"path": [
						"objects",
						"50988y"
					]
				}
			},
			"response": []
		},
		{
			"name": "Post Teting",
			"request": {
				"method": "POST",
				"header": [],
				"body": {
					"mode": "raw",
					"raw": "{\r\n  \"name\": \"Test Device\",\r\n  \"data\": {\r\n    \"type\": \"Laptop\",\r\n    \"brand\": \"Dell\"\r\n  }\r\n}\r\n\r\n}",
					"options": {
						"raw": {
							"language": "json"
						}
					}
				},
				"url": {
					"raw": "https://api.restful-api.dev/objects",
					"protocol": "https",
					"host": [
						"api",
						"restful-api",
						"dev"
					],
					"path": [
						"objects"
					]
				}
			},
			"response": []
		},
		{
			"name": "Put Request",
			"request": {
				"method": "PUT",
				"header": [],
				"body": {
					"mode": "raw",
					"raw": "{\r\n  \"name\": \"Updated Device\",\r\n  \"data\": {\r\n    \"type\": \"Tablet\",\r\n    \"brand\": \"Samsung\"\r\n  }\r\n}",
					"options": {
						"raw": {
							"language": "json"
						}
					}
				},
				"url": {
					"raw": "https://api.restful-api.dev/objects/5",
					"protocol": "https",
					"host": [
						"api",
						"restful-api",
						"dev"
					],
					"path": [
						"objects",
						"5"
					]
				}
			},
			"response": []
		},
		{
			"name": "Delete Request",
			"request": {
				"method": "GET",
				"header": [],
				"url": {
					"raw": "https://api.restful-api.dev/objects/7uyrr",
					"protocol": "https",
					"host": [
						"api",
						"restful-api",
						"dev"
					],
					"path": [
						"objects",
						"7uyrr"
					]
				}
			},
			"response": []
		}
	]
}